{
  "project_info": {
    "project_number": "137571903385",
    "project_id": "portolink-3c2c6",
    "storage_bucket": "portolink-3c2c6.appspot.com"
  },
  "client": [
    {
      "client_info": {
        "mobilesdk_app_id": "1:137571903385:android:bbfa9ef7a2ea74d569d508",
        "android_client_info": {
          "package_name": "com.portolink.admin"
        }
      },
      "oauth_client": [
        {
          "client_id": "137571903385-vvbo1o1340lncrqbefgdc5odqqpeah3k.apps.googleusercontent.com",
          "client_type": 3
        }
      ],
      "api_key": [
        {
          "current_key": "AIzaSyDNXD8Dn5OWGhxgY-5dG9_899CzNRSIumA"
        }
      ],
      "services": {
        "appinvite_service": {
          "other_platform_oauth_client": [
            {
              "client_id": "137571903385-vvbo1o1340lncrqbefgdc5odqqpeah3k.apps.googleusercontent.com",
              "client_type": 3
            }
          ]
        }
      }
    }
  ],
  "configuration_version": "1"
}